variavel,media_usa,media_nao_usa,smd,abs_smd,n_usa,n_nao_usa
mental_disorder_diagnosis,1.1134020618556701,1.7656903765690377,-1.7378858832374766,1.7378858832374766,97,239
mental_disorders___1,0.7319587628865979,0.16317991631799164,1.3889918194927118,1.3889918194927118,97,239
mental_disorders___2,0.5670103092783505,0.11715481171548117,1.0724058531614307,1.0724058531614307,97,239
sedatives_score,1.6388888888888888,0.5224719101123596,0.6473890330450981,0.6473890330450981,72,178
sedatives_1,1.7083333333333333,0.8044692737430168,0.6380259128684691,0.6380259128684691,72,179
asrs_18,1.967741935483871,1.3174603174603174,0.5810684654872394,0.5810684654872394,62,126
have_bad_dreams,1.8529411764705883,1.302857142857143,0.530537867379167,0.530537867379167,68,175
score_asrs18,0.6290322580645161,0.373015873015873,0.5264873500792407,0.5264873500792407,62,126
mental_disorders___8,0.20618556701030927,0.04184100418410042,0.5125307566365583,0.5125307566365583,97,239
risco_sui_class,0.7525773195876289,0.5188284518828452,0.49901319446086195,0.49901319446086195,97,239
more_drugs,0.328125,0.12571428571428572,0.4949374323989154,0.4949374323989154,64,175
mental_disorders___3,0.15463917525773196,0.02092050209205021,0.48400446619622034,0.48400446619622034,97,239
class_assist_sedatives,0.16494845360824742,0.03879310344827586,0.42451665633859864,0.42451665633859864,97,232
mental_disorders___4,0.1134020618556701,0.012552301255230125,0.42234617385238954,0.42234617385238954,97,239
mental_disorders___6,0.1134020618556701,0.016736401673640166,0.3977728032510769,0.3977728032510769,97,239
to_sleep,1.3505154639175259,1.8865546218487395,-0.3976503631950279,0.3976503631950279,97,238
smile_17,2.154639175257732,1.7941176470588236,0.3714978626790079,0.3714978626790079,97,238
score_suic,2.7010309278350517,1.8326359832635983,0.36464690334134975,0.36464690334134975,97,239
hurt_yourself,1.556701030927835,1.0669456066945606,0.3465171260885463,0.3465171260885463,97,239
hurting_yourself,1.1443298969072164,0.7656903765690377,0.3426372152626027,0.3426372152626027,97,239
psqi_score,11.344262295081966,9.676829268292684,0.3404732719304237,0.3404732719304237,61,164
age,21.47422680412371,20.205020920502093,0.33970379716781873,0.33970379716781873,97,239
ethnic_group,1.2421052631578948,1.5188284518828452,-0.33776277279865485,0.33776277279865485,95,239
score_asrs8,0.7741935483870968,0.8968253968253969,-0.3331737709403403,0.3331737709403403,62,126
score_pa_smile,6.257731958762887,7.050632911392405,-0.3284008823247715,0.3284008823247715,97,237
mental_disorders___9,0.09278350515463918,0.02092050209205021,0.31271331000874075,0.31271331000874075,97,239
smile_15,2.556701030927835,2.903765690376569,-0.3112184030467501,0.3112184030467501,97,239
score_asrs16,0.6451612903225806,0.496,0.3030003132755582,0.3030003132755582,62,125
smile_25,2.6597938144329896,2.405857740585774,0.3024757479318619,0.3024757479318619,97,239
score_asrs_b2,3.7419354838709675,3.1370967741935485,0.3002784538969564,0.3002784538969564,62,124
alcohol_2,3.0441176470588234,3.391812865497076,-0.28888227646929465,0.28888227646929465,68,171
drink_4,0.8350515463917526,1.1422594142259415,-0.27510387536602965,0.27510387536602965,97,239
cough_or_snore,0.9558823529411765,0.6685714285714286,0.2711350871704488,0.2711350871704488,68,175
alcohol_score,2.875,3.2402234636871508,-0.2671648295757206,0.2671648295757206,72,179
cannabis_score,1.5972222222222223,1.1229050279329609,0.2651256693082285,0.2651256693082285,72,179
asrs_14,2.693548387096774,2.416,0.2580948530549377,0.2580948530549377,62,125
asrs_class_b,0.2872340425531915,0.18018018018018017,0.2539862005637599,0.2539862005637599,94,222
asrs_8,3.225806451612903,3.4365079365079363,-0.2531637902179535,0.2531637902179535,62,126
score_asrs_totalb,3.393617021276596,2.6936936936936937,0.2524538504957578,0.2524538504957578,94,222
have_pain,1.5303030303030303,1.2342857142857142,0.2518435774441973,0.2518435774441973,66,175
other_diseases___7,0.030927835051546393,0.0,0.251339905686289,0.251339905686289,97,239
ver_hcl,2.8556701030927836,3.3872340425531915,-0.24780489880904644,0.24780489880904644,97,235
smile_12,2.2783505154639174,2.533613445378151,-0.2461742328490346,0.2461742328490346,97,238
other_diseases___11,0.18556701030927836,0.100418410041841,0.24406984105227397,0.24406984105227397,97,239
ver_phq,5.701030927835052,5.322175732217573,0.24172044036379575,0.24172044036379575,97,239
score_sleep_smile,6.917525773195877,6.443514644351464,0.2404574464369206,0.2404574464369206,97,239
score_asrs11,0.6451612903225806,0.753968253968254,-0.23753093881516144,0.23753093881516144,62,126
score_asrs7,0.3870967741935484,0.504,-0.2354265213799491,0.2354265213799491,62,125
score_asrs_a1,2.89247311827957,2.608108108108108,0.23359732049154683,0.23359732049154683,93,222
score_asrs_final,8.344086021505376,7.105990783410138,0.23344897695604902,0.23344897695604902,93,217
class_assist_alcohol,0.28865979381443296,0.39914163090128757,-0.23334811321118035,0.23334811321118035,97,233
inhalants_score,0.027777777777777776,0.11363636363636363,-0.23318572265809762,0.23318572265809762,72,176
smile_28,2.1752577319587627,1.9748953974895398,0.23289097751913085,0.23289097751913085,97,239
disease,1.8020833333333333,1.4747899159663866,0.2322322681276554,0.2322322681276554,96,238
smile_13,1.422680412371134,1.6218487394957983,-0.23013293884203845,0.23013293884203845,97,238
income,6143.978260869565,4629.980909090909,0.22509041033362215,0.22509041033362215,92,220
feeling_bad,2.268041237113402,2.0585774058577404,0.2245374190002501,0.2245374190002501,97,239
collect_stuff,1.4078947368421053,1.095505617977528,0.2240451346054034,0.2240451346054034,76,178
score_asrs14,0.5806451612903226,0.472,0.2175703181955273,0.2175703181955273,62,125
more_activities,0.859375,0.7758620689655172,0.2164705752868805,0.2164705752868805,64,174
sad_depressed,2.9896907216494846,2.803347280334728,0.21642406215143992,0.21642406215143992,97,239
asrs_4,2.9361702127659575,2.704035874439462,0.21495401527110738,0.21495401527110738,94,223
feeling_afraid,1.6210526315789473,1.3836206896551724,0.2137795021240656,0.2137795021240656,95,232
score_asrs3,0.6808510638297872,0.5803571428571429,0.2085797677977664,0.2085797677977664,94,224
score_asrs4,0.6914893617021277,0.5919282511210763,0.20799234292296867,0.20799234292296867,94,223
crack_1,0.29577464788732394,0.1348314606741573,0.20779710604600019,0.20779710604600019,71,178
sedentary_2,2.4329896907216493,2.188284518828452,0.20700778138210713,0.20700778138210713,97,239
psycotherapy,2.020618556701031,2.192468619246862,-0.2038854056191138,0.2038854056191138,97,239
work,1.7731958762886597,1.8523206751054853,-0.2030864149556452,0.2030864149556452,97,237
asrs_3,2.148936170212766,1.90625,0.20051263047244527,0.20051263047244527,94,224
asrs_9,2.6129032258064515,2.388888888888889,0.19830085203583495,0.19830085203583495,62,126
asrs_16,1.9516129032258065,1.696,0.19793413133878174,0.19793413133878174,62,125
opioids_1,0.3333333333333333,0.1694915254237288,0.19696555300579213,0.19696555300579213,72,177
interest_pleasure,2.711340206185567,2.518828451882845,0.1959282740377943,0.1959282740377943,97,239
asrs_class_total,0.6344086021505376,0.5391705069124424,0.19358469506594764,0.19358469506594764,93,217
smile_19,1.8350515463917525,2.0337552742616034,-0.19001391604814857,0.19001391604814857,97,237
student_accommodation,1.9484536082474226,1.8987341772151898,0.18739026965820424,0.18739026965820424,97,237
check_repeared_gas,1.0789473684210527,0.8268156424581006,0.18475660150063555,0.18475660150063555,76,179
tobacco_score,1.8472222222222223,1.458100558659218,0.1843486326855165,0.1843486326855165,72,179
other_1,0.22058823529411764,0.0967741935483871,0.18405663064305194,0.18405663064305194,68,155
other_diseases___1,0.09278350515463918,0.04602510460251046,0.1840091871580911,0.1840091871580911,97,239
score_asrs9,0.8064516129032258,0.7301587301587301,0.1805149905050777,0.1805149905050777,62,126
drink_more_alcohol,0.34375,0.4277456647398844,-0.1722885393526726,0.1722885393526726,64,173
asrs_15,2.5806451612903225,2.357142857142857,0.16996676392082707,0.16996676392082707,62,126
ver_asrs,3.817204301075269,3.5565610859728505,0.16979452297945427,0.16979452297945427,93,221
more_jokes,0.8615384615384616,0.7976878612716763,0.1695990157981075,0.1695990157981075,65,173
smile_10,3.484536082474227,3.6150627615062763,-0.16813978917277486,0.16813978917277486,97,239
cannabis_1,1.8333333333333333,1.5833333333333333,0.16808074555243172,0.16808074555243172,72,180
smile_8,3.1030927835051547,2.953781512605042,0.16595404701645977,0.16595404701645977,97,238
opioids_score,0.09722222222222222,0.03389830508474576,0.16435923449634982,0.16435923449634982,72,177
score_asrs_totala,4.935483870967742,4.463636363636364,0.16204913325327816,0.16204913325327816,93,220
asrs_class_a,0.5161290322580645,0.43636363636363634,0.15960616086208437,0.15960616086208437,93,220
bathroom,1.5588235294117647,1.3771428571428572,0.15898681978061993,0.15898681978061993,68,175
numbers_good_bad,1.0394736842105263,0.8268156424581006,0.15895096431103892,0.15895096431103892,76,179
score_envir_smile,8.268041237113403,8.588235294117647,-0.15893020066001687,0.15893020066001687,97,238
sexual_orientation,2.0833333333333335,1.903361344537815,0.157812390996669,0.157812390996669,96,238
score_asrs_a2,3.1451612903225805,3.3629032258064515,-0.15750946405726549,0.15750946405726549,62,124
asrs_13,2.806451612903226,2.6507936507936507,0.15593219617346815,0.15593219617346815,62,126
compelled,1.0789473684210527,1.2937853107344632,-0.15379955498781883,0.15379955498781883,76,177
asrs_17,1.8225806451612903,1.632,0.1535404151276205,0.1535404151276205,62,125
pain,2.463917525773196,2.2594142259414225,0.14967915007944996,0.14967915007944996,97,239
talk_more,0.8307692307692308,0.7714285714285715,0.14832190282366786,0.14832190282366786,65,175
class_assist_other,0.010752688172043012,0.0,0.14664711502135322,0.14664711502135322,93,208
smile_42,2.3917525773195876,2.504201680672269,-0.14457646844325517,0.14457646844325517,97,238
other_diseases___13,0.010309278350515464,0.0,0.14359163172354777,0.14359163172354777,97,239
other_diseases___12,0.010309278350515464,0.0,0.14359163172354772,0.14359163172354772,97,239
other_diseases___9,0.010309278350515464,0.0,0.1435916317235477,0.1435916317235477,97,239
other_diseases___10,0.010309278350515464,0.0,0.14359163172354766,0.14359163172354766,97,239
coronavirus_infection,1.443298969072165,1.5146443514644352,-0.14266355685045773,0.14266355685045773,97,239
class_assist_canabis,0.14432989690721648,0.09871244635193133,0.13941199563092455,0.13941199563092455,97,233
wash_hands_often,0.9210526315789473,0.7486033519553073,0.1378545981936351,0.1378545981936351,76,179
think_unpleasant,2.6710526315789473,2.4972067039106145,0.13748824635523343,0.13748824635523343,76,179
panic_fear,2.1666666666666665,1.9831223628691983,0.1368819701047903,0.1368819701047903,96,237
asrs_7,2.370967741935484,2.512,-0.13663597699274654,0.13663597699274654,62,125
more_energy,0.8153846153846154,0.76,0.1350577379726954,0.1350577379726954,65,175
bmi_class,1.4787234042553192,1.3624454148471616,0.1343220529756206,0.1343220529756206,94,229
poor_appetite,2.154639175257732,2.0251046025104604,0.13326813858740383,0.13326813858740383,97,239
amphetamine_1,0.4583333333333333,0.32386363636363635,0.13272281901199637,0.13272281901199637,72,176
smile_9,3.381443298969072,3.504201680672269,-0.13201283383507859,0.13201283383507859,97,238
asrs_11,2.903225806451613,3.0396825396825395,-0.13195484184653258,0.13195484184653258,62,126
smile_40,1.7422680412371134,1.8619246861924685,-0.1314661287887398,0.1314661287887398,97,239
mental_acts,1.71875,1.5397489539748954,0.1313609751534173,0.1313609751534173,96,239
weight,69.18541666666665,67.13549783549783,0.13053071387861956,0.13053071387861956,96,231
other_diseases___2,0.0,0.008368200836820083,-0.1296418890722474,0.1296418890722474,97,239
height,1.6772631578947366,1.6664224137931034,0.12880231343871024,0.12880231343871024,95,232
score_asrs2,0.7311827956989247,0.672566371681416,0.12792818850227988,0.12792818850227988,93,226
ver_ocir,4.24468085106383,3.9453781512605044,0.1271735288915241,0.1271735288915241,94,238
other_score,0.08823529411764706,0.01948051948051948,0.12681872187974103,0.12681872187974103,68,154
smile_32,2.9587628865979383,2.8326359832635983,0.1261240543642115,0.1261240543642115,97,239
woke_up_mid_night,2.1029411764705883,1.9714285714285715,0.12595729381853032,0.12595729381853032,68,175
worring,2.3263157894736843,2.4224137931034484,-0.12515179621055805,0.12515179621055805,95,232
smile_30,3.216494845360825,3.310924369747899,-0.12478802070116582,0.12478802070116582,97,238
avoid_play_stuff_outside,1.5921052631578947,1.4245810055865922,0.1191454755370323,0.1191454755370323,76,179
other_diseases___15,0.4845360824742268,0.5439330543933054,-0.11861914023126915,0.11861914023126915,97,239
nervous,2.381443298969072,2.240506329113924,0.11783466127615502,0.11783466127615502,97,237
dis_control_think,3.013157894736842,2.8870056497175143,0.11770700876975508,0.11770700876975508,76,177
stuff_clutter,1.8026315789473684,1.9717514124293785,-0.11719378699417841,0.11719378699417841,76,177
hcl16_class,0.5227272727272727,0.5794392523364486,-0.11374464979199311,0.11374464979199311,88,214
thought_dingy,1.9736842105263157,1.8156424581005586,0.11322787832105584,0.11322787832105584,76,179
asrs_10,2.564516129032258,2.432,0.11319532974879093,0.11319532974879093,62,125
bmi,24.749979688766153,24.13212653747292,0.11240638796115848,0.11240638796115848,94,229
score_asrs17,0.3064516129032258,0.256,0.11169856344488795,0.11169856344488795,62,125
anyabuse,0.4782608695652174,0.4236453201970443,0.1094888988111816,0.1094888988111816,92,203
crack_score,0.0,0.01694915254237288,-0.10629880069054659,0.10629880069054659,71,177
score_asrs10,0.532258064516129,0.48,0.10403311944416763,0.10403311944416763,62,125
score_stress_smile,3.9896907216494846,3.830508474576271,0.1027622660650387,0.1027622660650387,97,236
less_sleep,0.4603174603174603,0.5114942528735632,-0.10197247554437477,0.10197247554437477,63,174
smile_37,3.3195876288659796,3.2426778242677825,0.10182627217927818,0.10182627217927818,97,239
ocir_score,28.473684210526315,27.041176470588237,0.10094906832839401,0.10094906832839401,76,170
touch_obj,0.75,0.8700564971751412,-0.09790113861454644,0.09790113861454644,76,177
sex,1.21875,1.2594142259414225,-0.09510661169052537,0.09510661169052537,96,239
ver_gad,7.747368421052632,7.514893617021277,0.09392776272246534,0.09392776272246534,95,235
other_diseases___4,0.09278350515463918,0.12133891213389121,-0.09213452135605997,0.09213452135605997,97,239
smile_31,2.4948453608247423,2.573221757322176,-0.09157109814737431,0.09157109814737431,97,239
other_diseases___5,0.07216494845360824,0.0502092050209205,0.09134627753600244,0.09134627753600244,97,239
tobacco_1,1.8333333333333333,1.7,0.08998169943712216,0.08998169943712216,72,180
asrs_1,2.3404255319148937,2.246696035242291,0.08945888416183065,0.08945888416183065,94,227
inhalants_1,0.3333333333333333,0.2556818181818182,0.0866253089062728,0.0866253089062728,72,176
memory_problems,1.9896907216494846,1.8702928870292888,0.08645558074130547,0.08645558074130547,97,239
score_asrs13,0.6129032258064516,0.5714285714285714,0.08396303553617727,0.08396303553617727,62,126
ver_assist,2.670103092783505,2.8912133891213387,-0.08308494726511091,0.08308494726511091,97,239
scoretot_smile,61.510416666666664,62.08733624454148,-0.0819775757114076,0.0819775757114076,96,229
hallucinogens_1,0.4583333333333333,0.375,0.07997790662036164,0.07997790662036164,72,176
relationship_people,2.1443298969072164,2.2426778242677825,-0.07904906859612373,0.07904906859612373,97,239
mood_higher,0.7384615384615385,0.7028571428571428,0.07900362067286562,0.07900362067286562,65,175
stuff_be_tidy,1.5,1.3876404494382022,0.07820246356923202,0.07820246356923202,76,178
feelin_tired,2.2989690721649483,2.2384937238493725,0.07594290052607118,0.07594290052607118,97,239
cigarettes_cigars,0.711340206185567,0.6234309623430963,0.07188947931679288,0.07188947931679288,97,239
sedentary_behavior,3.2577319587628866,3.3263598326359833,-0.0713660704590153,0.0713660704590153,97,239
hear_sounds,0.5360824742268041,0.4602510460251046,0.07066558954343605,0.07066558954343605,97,239
impulses,2.4947368421052634,2.403361344537815,0.06999177423164012,0.06999177423164012,95,238
irritated,2.6288659793814433,2.5546218487394956,0.06713623717838069,0.06713623717838069,97,238
have_wash_clean,1.3157894736842106,1.2191011235955056,0.06688485539848607,0.06688485539848607,76,178
score_asrs12,0.46774193548387094,0.5,-0.06419335978585708,0.06419335978585708,62,126
score_asrs15,0.5,0.46825396825396826,0.06317180536831277,0.06317180536831277,62,126
no_breathe_comfortably,0.9558823529411765,0.8857142857142857,0.06308703125263738,0.06308703125263738,68,175
mental_disorders___7,0.020618556701030927,0.012552301255230125,0.06293834481094376,0.06293834481094376,97,239
stay_disturb_obje_no,1.9605263157894737,1.8757062146892656,0.06135537756051794,0.06135537756051794,76,177
being_able_to_stop,2.126315789473684,2.0735930735930737,0.061267694032415186,0.061267694032415186,95,231
disturb_people_change,1.881578947368421,1.9717514124293785,-0.06035789913445649,0.06035789913445649,76,177
trouble_relaxing,2.210526315789474,2.16017316017316,0.060282700686317,0.060282700686317,95,231
smile_43,2.804123711340206,2.8619246861924688,-0.05965842816580265,0.05965842816580265,97,239
smile_3,2.536082474226804,2.577405857740586,-0.05949631340678862,0.05949631340678862,97,239
check_repeatedly,1.3157894736842106,1.2303370786516854,0.05805234049003106,0.05805234049003106,76,178
physically_active,0.65625,0.6285714285714286,0.057465878874415496,0.057465878874415496,64,175
more_distracted,0.676923076923077,0.7028571428571428,-0.05579059469373407,0.05579059469373407,65,175
score_asrs1,0.7978723404255319,0.775330396475771,0.05483618247771133,0.05483618247771133,94,227
more_people,0.6307692307692307,0.6571428571428571,-0.0548061078448733,0.0548061078448733,65,175
trouble_concentration,1.9690721649484537,2.0209205020920504,-0.054337116966975074,0.054337116966975074,97,239
sleep,2.4,2.4686192468619246,-0.05338200012560394,0.05338200012560394,95,239
ver_psqi,2.4,2.4686192468619246,-0.05338200012560394,0.05338200012560394,95,239
student_of,1.21875,1.184873949579832,0.05286370253768661,0.05286370253768661,96,238
score_subs_smile,13.917525773195877,14.029535864978904,-0.05169334777923534,0.05169334777923534,97,237
fall_sleep,2.411764705882353,2.367816091954023,0.051048271528710394,0.051048271528710394,68,174
alcohol_1,2.8333333333333335,2.8666666666666667,-0.05073764249594583,0.05073764249594583,72,180
smile_41,1.3298969072164948,1.3598326359832635,-0.049358450491720114,0.049358450491720114,97,239
want_life,2.1578947368421053,2.2301255230125525,-0.04883765678531306,0.04883765678531306,95,239
treatment,1.8842105263157896,1.8680851063829786,0.04878945643650744,0.04878945643650744,95,235
gad7_score,13.851063829787234,13.649122807017545,0.04835293749538323,0.04835293749538323,94,228
consent,1.9484536082474226,1.9372384937238494,0.04815787742976019,0.04815787742976019,97,239
smile_5,3.082474226804124,3.0460251046025104,0.048152819020762454,0.048152819020762454,97,239
annoyed_irritable,1.9578947368421054,2.0043290043290045,-0.04814431236251255,0.04814431236251255,95,231
year_entered,2023.2886597938145,2023.2677824267782,0.04643009920968038,0.04643009920968038,97,239
other_diseases___16,0.07216494845360824,0.08368200836820083,-0.04282409277555053,0.04282409277555053,97,239
asrs_2,2.193548387096774,2.146017699115044,0.04237180872519936,0.04237180872519936,93,226
ocir_class,0.5617977528089888,0.5406698564593302,0.042318534827006406,0.042318534827006406,89,209
other_diseases___14,0.041237113402061855,0.03347280334728033,0.04079795092110852,0.04079795092110852,97,239
cigarro_eletronico,2.3285714285714287,2.354285714285714,-0.040652305389641846,0.040652305389641846,70,175
other_diseases___6,0.09278350515463918,0.10460251046025104,-0.03949489592757395,0.03949489592757395,97,239
nervous_anxious,3.2604166666666665,3.2941176470588234,-0.03658604883834008,0.03658604883834008,96,238
more_colourful,0.35384615384615387,0.37142857142857144,-0.03638518530052212,0.03638518530052212,65,175
moving_slowly,1.268041237113402,1.2301255230125523,0.03560547306827139,0.03560547306827139,97,239
drive_faster,0.13846153846153847,0.12643678160919541,0.03528744076874204,0.03528744076874204,65,174
asrs_12,1.6290322580645162,1.5873015873015872,0.03466885251732184,0.03466885251732184,62,126
hcl_16_score,9.066666666666666,8.969696969696969,0.034663503934144295,0.034663503934144295,60,165
asrs_6,1.946808510638298,1.9866666666666666,-0.03464321671004055,0.03464321671004055,94,225
more_sociable,0.6923076923076923,0.7076023391812866,-0.033199670303397176,0.033199670303397176,65,171
hallucinogens_score,0.1111111111111111,0.09659090909090909,0.03188067080423417,0.03188067080423417,72,176
gad7_class,0.8210526315789474,0.808695652173913,0.031701720090895454,0.031701720090895454,95,230
marital_status,2.051546391752577,2.071129707112971,-0.031518745851561704,0.031518745851561704,97,239
more_coffee,0.515625,0.5,0.031089823581906782,0.031089823581906782,64,174
score_psicose,1.1979166666666667,1.1398305084745763,0.030573423084798525,0.030573423084798525,96,236
check_stuff_often,2.486842105263158,2.449438202247191,0.029356228731965417,0.029356228731965417,76,178
hear_thoughts,0.65625,0.6864406779661016,-0.025449727969179645,0.025449727969179645,96,236
smile_27,2.082474226804124,2.062761506276151,0.02396568500594943,0.02396568500594943,97,239
gender_identity,1.0842105263157895,1.0753138075313808,0.02382302417493604,0.02382302417493604,95,239
repeat_numbers,0.6842105263157895,0.7134831460674157,-0.02324359498646469,0.02324359498646469,76,178
score_asrs6,0.2872340425531915,0.29777777777777775,-0.02309171458543966,0.02309171458543966,94,225
score_asrs_b1,0.925531914893617,0.9419642857142857,-0.022528468850850514,0.022528468850850514,94,224
smile_11,3.948453608247423,3.9539748953974896,-0.022288764039672528,0.022288764039672528,97,239
smile_34,2.8333333333333335,2.852320675105485,-0.021134251961337534,0.021134251961337534,96,237
feel_hot,1.2352941176470589,1.2126436781609196,0.02093199695931291,0.02093199695931291,68,174
class_assist_tabaco,0.14432989690721648,0.13733905579399142,0.02002403898349042,0.02002403898349042,97,233
feel_cold,1.161764705882353,1.1828571428571428,-0.01960785566327533,0.01960785566327533,68,175
asrs_5,2.851063829787234,2.827433628318584,0.019570439306281256,0.019570439306281256,94,226
off,2.4375,2.414225941422594,0.01871943519020171,0.01871943519020171,96,239
restless,1.2736842105263158,1.2586206896551724,0.01365005330036738,0.01365005330036738,95,232
psicose_class,0.3958333333333333,0.4025423728813559,-0.013649459099970276,0.013649459099970276,96,236
trouble_falling,1.9381443298969072,1.9497907949790796,-0.011195688959721447,0.011195688959721447,97,239
score_social_smile,14.8125,14.779661016949152,0.011040576927390569,0.011040576927390569,96,236
more_risks,0.3076923076923077,0.3028571428571429,0.010443653273420749,0.010443653273420749,65,175
score_asrs5,0.6382978723404256,0.6415929203539823,-0.00683854219328261,0.00683854219328261,94,226
amphetamine_score,0.1111111111111111,0.10795454545454546,0.0067652969892347935,0.0067652969892347935,72,176
score_food_smile,7.360824742268041,7.352941176470588,0.005171638468932229,0.005171638468932229,97,238
smile_2,1.7422680412371134,1.7394957983193278,0.003084659334815373,0.003084659334815373,97,238
medicines,1.1237113402061856,1.1255230125523012,-0.001346447435905715,0.001346447435905715,97,239
project,1.5051546391752577,1.5063829787234042,-0.0009345656290792168,0.0009345656290792168,97,235
