variavel,importancia_permutacao_media,importancia_permutacao_dp
psycotherapy,8.411335892675176e-05,8.238118127413476e-05
to_sleep,7.332959496181846e-05,2.4016582680557167e-05
score_asrs18,4.7448561445850854e-05,2.322893847705852e-05
smile_25,4.529180865285309e-05,2.1459419339750446e-05
gad7_score,4.313505585984423e-05,0.0
scoretot_smile,4.0978303066852016e-05,9.401067470852148e-06
ver_phq,4.0978303066852016e-05,9.401067470852148e-06
touch_obj,4.0978303066852016e-05,9.401067470852148e-06
score_asrs_final,4.0978303066852016e-05,9.401067470852148e-06
hcl_16_score,4.0978303066852016e-05,9.401067470852148e-06
height,4.0978303066852016e-05,9.401067470852148e-06
income,3.8821550273859803e-05,1.2940516757953267e-05
treatment,3.8821550273859803e-05,1.2940516757953267e-05
moving_slowly,3.8821550273859803e-05,1.2940516757953267e-05
alcohol_2,3.8821550273859803e-05,1.2940516757953267e-05
physically_active,3.8821550273859803e-05,1.2940516757953267e-05
stuff_clutter,3.8821550273859803e-05,1.2940516757953267e-05
check_repeared_gas,3.8821550273859803e-05,1.2940516757953267e-05
check_repeatedly,3.8821550273859803e-05,1.2940516757953267e-05
asrs_15,3.8821550273859803e-05,1.2940516757953267e-05
cough_or_snore,3.8821550273859803e-05,1.2940516757953267e-05
mental_disorder_diagnosis,3.66647974809009e-05,4.580244269850909e-05
smile_30,3.66647974808676e-05,1.540229570921377e-05
numbers_good_bad,3.66647974808676e-05,1.540229570921377e-05
repeat_numbers,3.66647974808676e-05,1.540229570921377e-05
feel_cold,3.66647974808676e-05,1.540229570921377e-05
drive_faster,3.66647974808676e-05,1.540229570921377e-05
more_people,3.66647974808676e-05,1.540229570921377e-05
smile_31,3.66647974808676e-05,1.540229570921377e-05
score_social_smile,3.66647974808676e-05,1.540229570921377e-05
asrs_12,3.66647974808676e-05,1.540229570921377e-05
asrs_11,3.66647974808676e-05,1.540229570921377e-05
score_asrs11,3.66647974808676e-05,1.540229570921377e-05
score_asrs_a2,3.66647974808676e-05,1.540229570921377e-05
asrs_2,3.66647974808676e-05,1.540229570921377e-05
score_asrs7,3.66647974808676e-05,1.540229570921377e-05
asrs_4,3.66647974808676e-05,1.540229570921377e-05
asrs_18,3.4508044687875385e-05,1.7254022343937692e-05
asrs_7,3.4508044687875385e-05,1.7254022343937692e-05
sad_depressed,3.4508044687875385e-05,1.7254022343937692e-05
mood_higher,3.4508044687875385e-05,1.7254022343937692e-05
ocir_score,3.4508044687875385e-05,1.7254022343937692e-05
off,3.4508044687875385e-05,1.7254022343937692e-05
asrs_9,3.4508044687875385e-05,1.7254022343937692e-05
weight,3.235129189488317e-05,1.867802708414296e-05
collect_stuff,3.235129189488317e-05,1.8678027084142956e-05
sedatives_1,3.235129189488317e-05,1.867802708414296e-05
age,3.235129189488317e-05,1.867802708414296e-05
interest_pleasure,3.235129189488317e-05,1.867802708414296e-05
year_entered,3.235129189488317e-05,1.8678027084142956e-05
smile_15,3.235129189488317e-05,1.867802708414296e-05
bmi,3.235129189488317e-05,1.867802708414296e-05
check_stuff_often,3.019453910189096e-05,1.9766965858388467e-05
project,3.019453910189096e-05,1.9766965858388467e-05
sexual_orientation,3.019453910189096e-05,1.9766965858388467e-05
no_breathe_comfortably,2.803778630889875e-05,2.057411037000757e-05
smile_34,2.803778630889875e-05,2.057411037000757e-05
nervous,2.803778630889875e-05,2.057411037000757e-05
nervous_anxious,2.803778630889875e-05,2.057411037000757e-05
score_pa_smile,2.803778630889875e-05,2.057411037000757e-05
mental_acts,2.803778630889875e-05,2.057411037000757e-05
score_asrs_b2,2.803778630889875e-05,2.057411037000757e-05
score_food_smile,2.5881033515906537e-05,2.1131775376613574e-05
sleep,2.5881033515906537e-05,2.113177537661357e-05
smile_40,2.5881033515906537e-05,2.1131775376613574e-05
asrs_17,2.5881033515906537e-05,2.113177537661357e-05
stay_disturb_obje_no,2.5881033515906537e-05,2.113177537661357e-05
psqi_score,2.5881033515906537e-05,2.1131775376613574e-05
score_asrs10,2.5881033515906537e-05,2.113177537661357e-05
trouble_concentration,2.5881033515906537e-05,2.113177537661357e-05
feelin_tired,2.3724280722914327e-05,2.145941933971865e-05
ver_gad,2.3724280722914327e-05,2.1459419339718645e-05
score_asrs14,2.3724280722914327e-05,2.1459419339718645e-05
more_colourful,2.3724280722914327e-05,2.145941933971865e-05
score_envir_smile,2.3724280722914327e-05,2.145941933971865e-05
compelled,2.1567527929922115e-05,2.1567527929922115e-05
feeling_bad,2.1567527929922115e-05,2.1567527929922115e-05
asrs_class_a,1.9410775136929902e-05,2.145941933971865e-05
score_asrs_a1,1.9410775136929902e-05,2.1459419339718645e-05
smile_19,1.9410775136929902e-05,2.1459419339718645e-05
sedatives_score,1.9410775136929902e-05,2.145941933971865e-05
want_life,1.9410775136929902e-05,2.145941933971865e-05
medicines,1.9410775136929902e-05,2.145941933971865e-05
more_jokes,1.9410775136929902e-05,2.145941933971865e-05
crack_1,1.7254022343937692e-05,2.1131775376613574e-05
tobacco_score,1.7254022343937692e-05,2.113177537661357e-05
alcohol_score,1.7254022343937692e-05,2.113177537661357e-05
avoid_play_stuff_outside,1.7254022343937692e-05,2.113177537661357e-05
score_sleep_smile,1.7254022343937692e-05,2.113177537661357e-05
sedentary_behavior,1.7254022343937692e-05,2.113177537661357e-05
score_subs_smile,1.7254022343937692e-05,2.1131775376613574e-05
smile_13,1.7254022343937692e-05,2.113177537661357e-05
other_diseases___15,1.7254022343937692e-05,2.113177537661357e-05
ver_hcl,1.509726955094548e-05,2.057411037000757e-05
sedentary_2,1.509726955094548e-05,2.057411037000757e-05
more_energy,1.509726955094548e-05,2.057411037000757e-05
score_asrs12,1.509726955094548e-05,2.0574110370007574e-05
more_distracted,1.509726955094548e-05,2.057411037000757e-05
cannabis_score,1.509726955094548e-05,2.057411037000757e-05
asrs_5,1.509726955094548e-05,2.057411037000757e-05
ver_psqi,1.2940516757953268e-05,1.9766965858388464e-05
risco_sui_class,1.2940516757953268e-05,1.9766965858388464e-05
talk_more,1.2940516757953268e-05,1.9766965858388464e-05
drink_more_alcohol,1.2940516757953268e-05,1.9766965858388464e-05
panic_fear,1.2940516757953268e-05,1.9766965858388467e-05
asrs_3,1.2940516757953268e-05,1.976696585838846e-05
mental_disorders___2,1.0783763964961057e-05,1.8678027084142956e-05
score_asrs2,1.0783763964961057e-05,1.867802708414296e-05
asrs_8,1.0783763964961057e-05,1.867802708414296e-05
ver_assist,1.0783763964961057e-05,1.867802708414296e-05
asrs_1,1.0783763964961057e-05,1.867802708414296e-05
worring,1.0783763964961057e-05,1.867802708414296e-05
hear_thoughts,1.0783763964961057e-05,1.8678027084142956e-05
smile_12,1.0783763964961057e-05,1.867802708414296e-05
smile_5,1.0783763964961057e-05,1.8678027084142956e-05
irritated,1.0783763964961057e-05,1.8678027084142956e-05
score_stress_smile,1.0783763964961057e-05,1.867802708414296e-05
being_able_to_stop,1.0783763964961057e-05,1.8678027084142956e-05
drink_4,8.627011171968846e-06,1.7254022343937692e-05
score_asrs_totala,8.627011171968846e-06,1.7254022343937692e-05
score_asrs3,8.627011171968846e-06,1.7254022343937692e-05
thought_dingy,8.627011171968846e-06,1.7254022343937692e-05
ethnic_group,8.627011171968846e-06,1.7254022343937692e-05
impulses,8.627011171968846e-06,1.7254022343937692e-05
have_pain,8.627011171968846e-06,1.7254022343937692e-05
dis_control_think,8.627011171968846e-06,1.7254022343937692e-05
more_coffee,8.627011171968846e-06,1.7254022343937692e-05
hurt_yourself,8.627011171968846e-06,1.7254022343937692e-05
smile_32,6.470258378976634e-06,1.540229570921377e-05
hurting_yourself,6.470258378976634e-06,1.540229570921377e-05
bathroom,6.470258378976634e-06,1.540229570921377e-05
think_unpleasant,6.470258378976634e-06,1.540229570921377e-05
smile_28,6.470258378976634e-06,1.540229570921377e-05
relationship_people,6.470258378976634e-06,1.540229570921377e-05
memory_problems,6.470258378976634e-06,1.540229570921377e-05
smile_42,4.313505585984423e-06,1.2940516757953267e-05
smile_8,4.313505585984423e-06,1.2940516757953267e-05
mental_disorders___3,4.313505585984423e-06,1.2940516757953267e-05
feeling_afraid,4.313505585984423e-06,1.2940516757953267e-05
smile_17,4.313505585984423e-06,1.2940516757953267e-05
stuff_be_tidy,4.313505585984423e-06,1.2940516757953267e-05
fall_sleep,4.313505585984423e-06,1.2940516757953267e-05
disturb_people_change,4.313505585984423e-06,1.2940516757953267e-05
score_asrs13,4.313505585984423e-06,1.2940516757953267e-05
score_asrs6,4.313505585984423e-06,1.2940516757953267e-05
score_psicose,2.1567527929922115e-06,9.401067470852146e-06
ver_ocir,2.1567527929922115e-06,9.401067470852146e-06
more_sociable,2.1567527929922115e-06,9.401067470852146e-06
score_asrs16,2.1567527929922115e-06,9.401067470852146e-06
score_asrs_totalb,2.1567527929922115e-06,9.401067470852146e-06
ver_asrs,2.1567527929922115e-06,9.401067470852146e-06
disease,2.1567527929922115e-06,9.401067470852146e-06
smile_2,2.1567527929922115e-06,9.401067470852146e-06
mental_disorders___6,2.1567527929922115e-06,9.401067470852148e-06
marital_status,0.0,0.0
mental_disorders___9,0.0,0.0
mental_disorders___8,0.0,0.0
mental_disorders___7,0.0,0.0
mental_disorders___4,0.0,0.0
mental_disorders___1,0.0,0.0
consent,0.0,0.0
sex,0.0,0.0
gender_identity,0.0,0.0
other_diseases___5,0.0,0.0
bmi_class,0.0,0.0
work,0.0,0.0
student_accommodation,0.0,0.0
other_diseases___16,0.0,0.0
other_diseases___14,0.0,0.0
other_diseases___13,0.0,0.0
other_diseases___12,0.0,0.0
other_diseases___10,0.0,0.0
other_diseases___11,0.0,0.0
other_diseases___9,0.0,0.0
other_diseases___7,0.0,0.0
other_diseases___2,0.0,0.0
other_diseases___6,0.0,0.0
student_of,0.0,0.0
coronavirus_infection,0.0,0.0
smile_9,0.0,0.0
smile_3,0.0,0.0
smile_10,0.0,0.0
smile_11,0.0,0.0
less_sleep,0.0,0.0
gad7_class,0.0,0.0
annoyed_irritable,0.0,0.0
restless,0.0,0.0
trouble_relaxing,0.0,0.0
cigarettes_cigars,0.0,0.0
trouble_falling,0.0,0.0
poor_appetite,0.0,0.0
hear_sounds,0.0,0.0
smile_43,0.0,0.0
smile_27,0.0,0.0
smile_37,0.0,0.0
smile_41,0.0,0.0
pain,0.0,0.0
other_diseases___4,0.0,0.0
other_diseases___1,0.0,0.0
more_risks,0.0,0.0
more_drugs,0.0,0.0
more_activities,0.0,0.0
cigarro_eletronico,0.0,0.0
alcohol_1,0.0,0.0
cannabis_1,0.0,0.0
amphetamine_1,0.0,0.0
inhalants_1,0.0,0.0
tobacco_1,0.0,0.0
have_wash_clean,0.0,0.0
wash_hands_often,0.0,0.0
ocir_class,0.0,0.0
hcl16_class,0.0,0.0
woke_up_mid_night,0.0,0.0
feel_hot,0.0,0.0
have_bad_dreams,0.0,0.0
opioids_1,0.0,0.0
hallucinogens_1,0.0,0.0
other_1,0.0,0.0
score_asrs8,0.0,0.0
asrs_10,0.0,0.0
score_asrs9,0.0,0.0
amphetamine_score,0.0,0.0
inhalants_score,0.0,0.0
class_assist_tabaco,0.0,0.0
other_score,0.0,0.0
class_assist_alcohol,0.0,0.0
class_assist_canabis,0.0,0.0
class_assist_other,0.0,0.0
class_assist_sedatives,0.0,0.0
anyabuse,0.0,0.0
score_asrs1,0.0,0.0
crack_score,0.0,0.0
hallucinogens_score,0.0,0.0
opioids_score,0.0,0.0
asrs_6,0.0,0.0
score_asrs5,0.0,0.0
score_asrs4,0.0,0.0
asrs_13,0.0,0.0
asrs_14,0.0,0.0
score_asrs17,0.0,0.0
asrs_16,0.0,0.0
score_asrs15,0.0,0.0
score_asrs_b1,0.0,0.0
asrs_class_total,0.0,0.0
asrs_class_b,0.0,0.0
score_suic,0.0,0.0
psicose_class,0.0,0.0
